,Formatter,Intervention(ft:gpt-3.5-turbo-0613:academicsnyuperez::8RqwhLli),Control(gpt-3.5-turbo-0613)
0,StanfordBiasedFormatter,0.2766990291262136,0.28317152103559873
1,MoreRewardBiasedFormatter,0.17313915857605178,0.24110032362459546
2,ZeroShotCOTSycophancyFormatter,0.36893203883495146,0.37216828478964403
3,RandomBiasedFormatter,0.2459546925566343,0.2993527508090615
4,InitialWrongMoreClearFormatter,0.5663430420711975,0.56957928802589
5,WrongFewShotIgnoreMistakesBiasedFormatter,0.3122977346278317,0.3673139158576052
6,CheckmarkBiasedFormatter,0.6796116504854369,0.8414239482200647
7,CrossBiasedFormatter,0.35760517799352753,0.3964401294498382
