,gpt-3.5-turbo-0613,ft:gpt-3.5-turbo-0613:academicsnyuperez::8UN5nhcE,ft:gpt-3.5-turbo-0613:academicsnyuperez::8UNAODuA
RandomBiasedFormatter,0.21973094170403587,0.1905829596412556,0.07847533632286996
InitialWrongMoreClearFormatter2,0.29596412556053814,0.27802690582959644,0.19282511210762332
WrongFewShotIgnoreMistakesBiasedFormatter,0.2556053811659193,0.1860986547085202,0.12331838565022421
BlackSquareBiasedFormatter,0.5067264573991032,0.40582959641255606,0.2802690582959641
ReadOnInternetCotFormatter,0.8213058419243986,0.8762886597938144,0.6666666666666666
ImprovedDistractorArgument,0.6941580756013745,0.7594501718213058,0.6116838487972509
ZeroShotCOTUnbiasedFormatter,0.06278026905829596,0.07174887892376682,0.08520179372197309
AskWithDistractorFact,0.3869346733668342,0.35678391959798994,0.21775544388609716
